Journal Title,Online ISSN,Type
Abacus,14676281,Hybrid
Academic Emergency Medicine,15532712,Hybrid
Accounting & Finance,1467629X,Hybrid
Accounting Perspectives,19113838,Hybrid
Acta Anaesthesiologica Scandinavica,13996576,Hybrid
Acta Crystallographica Section A: Foundations and Advances,20532733,Hybrid
"Acta Crystallographica Section B: Structural Science, Crystal Engineering and Materials",20525206,Hybrid
Acta Crystallographica Section C: Structural Chemistry,20532296,Hybrid
Acta Crystallographica Section D: Structural Biology,20597983,Hybrid
Acta Crystallographica Section F: Structural Biology Communications,2053230X,Hybrid
Acta Geologica Sinica (English Edition),17556724,Hybrid
Acta Ophthalmologica,17553768,Hybrid
Acta Paediatrica,16512227,Hybrid
Acta Physiologica,17481716,Hybrid
Acta Psychiatrica Scandinavica,16000447,Hybrid
Acta Zoologica,14636395,Hybrid
Addiction,13600443,Hybrid
Advanced Biology,27010198,Hybrid
Advanced Control for Applications: Engineering and Industrial Systems ,25780727,Hybrid
Advanced Energy Materials,16146840,Hybrid
Advanced Engineering Materials,15272648,Hybrid
Advanced Functional Materials,16163028,Hybrid
Advanced Healthcare Materials,21922659,Hybrid
Advanced Materials,15214095,Hybrid
Advanced Materials Technologies,2365709X,Hybrid
Advanced Optical Materials,21951071,Hybrid
Advanced Quantum Technologies,25119044,Hybrid
Advanced Sustainable Systems,23667486,Hybrid
Advanced Synthesis & Catalysis,16154169,Hybrid
Advanced Theory and Simulations,25130390,Hybrid
Advanced Therapeutics,23663987,Hybrid
Advances in Digestive Medicine,23519800,Hybrid
AEM Education and Training,24725390,Hybrid
African Development Review,14678268,Hybrid
African Journal of Ecology,13652028,Hybrid
Aggressive Behavior,10982337,Hybrid
Agribusiness,15206297,Hybrid
Agricultural and Forest Entomology,14619563,Hybrid
Agricultural Economics,15740862,Hybrid
Agronomy Journal,14350645,Hybrid
AIChE Journal,15475905,Hybrid
"Alcohol, Clinical and Experimental Research",29937175,Hybrid
Alimentary Pharmacology & Therapeutics,13652036,Hybrid
Allergy,13989995,Hybrid
American Anthropologist,15481433,Hybrid
American Business Law Journal,17441714,Hybrid
American Ethnologist,15481425,Hybrid
American Journal of Agricultural Economics,14678276,Hybrid
American Journal of Biological Anthropology,26927691,Hybrid
American Journal of Botany,15372197,Hybrid
American Journal of Community Psychology,15732770,Hybrid
American Journal of Hematology,10968652,Hybrid
American Journal of Human Biology,15206300,Hybrid
American Journal of Industrial Medicine,10970274,Hybrid
American Journal of Medical Genetics Part A,15524833,Hybrid
American Journal of Medical Genetics Part B: Neuropsychiatric Genetics,1552485X,Hybrid
American Journal of Medical Genetics Part C: Seminars in Medical Genetics,15524876,Hybrid
American Journal of Political Science,15405907,Hybrid
American Journal of Primatology,10982345,Hybrid
American Journal of Reproductive Immunology,16000897,Hybrid
Anaesthesia,13652044,Hybrid
Anaesthesia Reports,26373726,Hybrid
Analyses of Social Issues and Public Policy,15302415,Hybrid
Analysis & Sensing,26292742,Hybrid
Analytic Philosophy,2153960X,Hybrid
"Anatomia, Histologia, Embryologia",14390264,Hybrid
Anatomical Sciences Education,19359780,Hybrid
Andrology,20472927,Hybrid
Angewandte Chemie,15213757,Hybrid
Angewandte Chemie International Edition,15213773,Hybrid
Animal Conservation,14691795,Hybrid
Animal Genetics,13652052,Hybrid
Animal Science Journal,17400929,Hybrid
Annalen der Physik,15213889,Hybrid
Annals of Anthropological Practice,21539588,Hybrid
Annals of Applied Biology,17447348,Hybrid
Annals of Human Genetics,14691809,Hybrid
Annals of Neurology,15318249,Hybrid
Annals of Public and Cooperative Economics,14678292,Hybrid
Annals of the New York Academy of Sciences,17496632,Hybrid
Anthropology & Education Quarterly,15481492,Hybrid
Anthropology and Humanism,15481409,Hybrid
Anthropology of Consciousness,15563537,Hybrid
Anthropology of Work Review,15481417,Hybrid
Anthropology Today,14678322,Hybrid
Antipode,14678330,Hybrid
ANZ Journal of Surgery,14452197,Hybrid
AORN Journal,18780369,Hybrid
APMIS,16000463,Hybrid
Applied Cognitive Psychology,10990720,Hybrid
Applied Economic Perspectives and Policy,20405804,Hybrid
Applied Organometallic Chemistry,10990739,Hybrid
Applied Psychology,14640597,Hybrid
Applied Psychology: Health and Well-Being,17580854,Hybrid
Applied Research,27024288,Hybrid
Applied Stochastic Models in Business and Industry,15264025,Hybrid
Applied Vegetation Science,1654109X,Hybrid
Aquatic Conservation: Marine and Freshwater Ecosystems,10990755,Hybrid
Arabian Archaeology and Epigraphy,16000471,Hybrid
Archaeological Papers of the American Anthropological Association,15518248,Hybrid
Archaeological Prospection,10990763,Hybrid
Archaeology in Oceania,18344453,Hybrid
Archaeometry,14754754,Hybrid
Archiv der Pharmazie,15214184,Hybrid
Archives of Insect Biochemistry and Physiology,15206327,Hybrid
Area,14754762,Hybrid
Arthritis & Rheumatology,23265205,Hybrid
Arthritis Care & Research,21514658,Hybrid
Artificial Organs,15251594,Hybrid
Asia Pacific Journal of Human Resources,17447941,Hybrid
Asia Pacific Viewpoint,14678373,Hybrid
Asian Economic Journal,14678381,Hybrid
Asian Economic Policy Review,17483131,Hybrid
Asian Journal of Control,19346093,Hybrid
Asian Journal of Endoscopic Surgery,17585910,Hybrid
Asian Journal of Organic Chemistry,21935815,Hybrid
Asian Journal of Social Psychology,1467839X,Hybrid
Asian Politics & Policy,19430787,Hybrid
Asian Social Work and Policy Review,17531411,Hybrid
Asian-Pacific Economic Literature,14678411,Hybrid
Asia-Pacific Economic History Review,2832157X,Hybrid
Asia-Pacific Journal of Chemical Engineering,19322143,Hybrid
Asia-Pacific Journal of Clinical Oncology,17437563,Hybrid
Asia-Pacific Journal of Financial Studies,20416156,Hybrid
Asia-Pacific Psychiatry,17585872,Hybrid
Astronomische Nachrichten,15213994,Hybrid
Austral Ecology,14429993,Hybrid
Austral Entomology,20521758,Hybrid
Australasian Journal of Dermatology,14400960,Hybrid
Australasian Journal of Ultrasound in Medicine,22050140,Hybrid
Australasian Journal on Ageing,17416612,Hybrid
Australian & New Zealand Journal of Statistics,1467842X,Hybrid
Australian Accounting Review,18352561,Hybrid
Australian and New Zealand Journal of Family Therapy,14678438,Hybrid
Australian and New Zealand Journal of Obstetrics and Gynaecology,1479828X,Hybrid
Australian Dental Journal,18347819,Hybrid
Australian Economic Papers,14678454,Hybrid
Australian Endodontic Journal,17474477,Hybrid
Australian Journal of Politics and History,14678497,Hybrid
Australian Journal of Public Administration,14678500,Hybrid
Australian Journal of Rural Health,14401584,Hybrid
Australian Journal of Social Issues,18394655,Hybrid
Australian Occupational Therapy Journal,14401630,Hybrid
Australian Veterinary Journal,17510813,Hybrid
Autism Research,19393806,Hybrid
AWWA Water Science,25778161,Hybrid
Basic & Clinical Pharmacology & Toxicology,17427843,Hybrid
Basin Research,13652117,Hybrid
Batteries & Supercaps,25666223,Hybrid
Behavioral Interventions,1099078X,Hybrid
Behavioral Sciences & the Law,10990798,Hybrid
Berichte zur Wissenschaftsgeschichte,15222365,Hybrid
Biochemistry and Molecular Biology Education,15393429,Hybrid
Bioelectromagnetics,1521186X,Hybrid
BioEssays,15211878,Hybrid
Bioethics,14678519,Hybrid
BioFactors,18728081,Hybrid
"Biofuels, Bioproducts and Biorefining",19321031,Hybrid
Biological Reviews,1469185X,Hybrid
Biology of the Cell,1768322X,Hybrid
Biomedical Chromatography,10990801,Hybrid
Biometrical Journal,15214036,Hybrid
Biopharmaceutics & Drug Disposition,1099081X,Hybrid
Biopolymers,10970282,Hybrid
Biotechnology and Applied Biochemistry,14708744,Hybrid
Biotechnology and Bioengineering,10970290,Hybrid
Biotechnology Journal,18607314,Hybrid
Biotechnology Progress,15206033,Hybrid
Biotropica,17447429,Hybrid
Bipolar Disorders,13995618,Hybrid
Birth,1523536X,Hybrid
Birth Defects Research,24721727,Hybrid
BJOG: An International Journal of Obstetrics and Gynaecology,14710528,Hybrid
BJU International,1464410X,Hybrid
British Educational Research Journal,14693518,Hybrid
British Journal of Clinical Pharmacology,13652125,Hybrid
British Journal of Clinical Psychology,20448260,Hybrid
British Journal of Developmental Psychology,2044835X,Hybrid
British Journal of Educational Psychology,20448279,Hybrid
British Journal of Educational Technology,14678535,Hybrid
British Journal of Haematology,13652141,Hybrid
British Journal of Health Psychology,20448287,Hybrid
British Journal of Industrial Relations,14678543,Hybrid
British Journal of Learning Disabilities,14683156,Hybrid
British Journal of Management,14678551,Hybrid
British Journal of Mathematical and Statistical Psychology,20448317,Hybrid
British Journal of Pharmacology,14765381,Hybrid
British Journal of Psychology,20448295,Hybrid
British Journal of Psychotherapy,17520118,Hybrid
British Journal of Social Psychology,20448309,Hybrid
British Journal of Special Education,14678578,Hybrid
Bulletin of Economic Research,14678586,Hybrid
Bulletin of Latin American Research,14709856,Hybrid
Bulletin of the Korean Chemical Society,12295949,Hybrid
Bulletin of the London Mathematical Society,14692120,Hybrid
Business and Society Review,14678594,Hybrid
"Business Ethics, the Environment & Responsibility",26946424,Hybrid
Business Strategy and Development,25723170,Hybrid
Business Strategy and the Environment,10990836,Hybrid
Canadian Geographies / Les géographies canadiennes,15410064,Hybrid
Canadian Journal of Administrative Sciences / Revue Canadienne des Sciences de l'Administration,19364490,Hybrid
Canadian Journal of Agricultural Economics/Revue canadienne d'agroeconomie,17447976,Hybrid
Canadian Journal of Economics/Revue canadienne d'économique,15405982,Hybrid
Canadian Public Administration,17547121,Hybrid
Canadian Review of Sociology/Revue canadienne de sociologie,1755618X,Hybrid
Cancer,10970142,Hybrid
Cancer Cytopathology,19346638,Hybrid
Catheterization and Cardiovascular Interventions,1522726X,Hybrid
ce/papers,25097075,Hybrid
Cell Biochemistry and Function,10990844,Hybrid
Cell Biology International,10958355,Hybrid
Cereal Chemistry,19433638,Hybrid
ChemBioChem,14397633,Hybrid
ChemBioEng Reviews,21969744,Hybrid
ChemCatChem,18673899,Hybrid
Chemical Biology & Drug Design,17470285,Hybrid
Chemical Engineering & Technology,15214125,Hybrid
Chemie Ingenieur Technik,15222640,Hybrid
Chemistry - A European Journal,15213765,Hybrid
Chemistry - An Asian Journal,1861471X,Hybrid
Chemistry & Biodiversity,16121880,Hybrid
ChemistrySelect,23656549,Hybrid
ChemKon,15213730,Hybrid
ChemMedChem,18607187,Hybrid
CHEMNANOMAT,2199692X,Hybrid
ChemPhotoChem,23670932,Hybrid
ChemPhysChem,14397641,Hybrid
ChemPlusChem,21926506,Hybrid
ChemSusChem,1864564X,Hybrid
ChemSystemsChem,25704206,Hybrid
Child & Family Social Work,13652206,Hybrid
Child Abuse Review,10990852,Hybrid
Child and Adolescent Mental Health,14753588,Hybrid
Child Development,14678624,Hybrid
Child Development Perspectives,17508606,Hybrid
"Child: Care, Health and Development",13652214,Hybrid
Children & Society,10990860,Hybrid
China & World Economy,1749124X,Hybrid
Chinese Journal of Chemistry,16147065,Hybrid
Chirality,1520636X,Hybrid
City & Society,1548744X,Hybrid
Civil Engineering Design,2625073X,Hybrid
Cladistics,10960031,Hybrid
"CLEAN - Soil, Air, Water",18630669,Hybrid
Clinical & Experimental Allergy,13652222,Hybrid
Clinical & Experimental Ophthalmology,14429071,Hybrid
Clinical Advances in Periodontics,21630097,Hybrid
Clinical Anatomy,10982353,Hybrid
Clinical and Experimental Neuroimmunology,17591961,Hybrid
Clinical and Experimental Pharmacology and Physiology,14401681,Hybrid
Clinical Endocrinology,13652265,Hybrid
Clinical Genetics,13990004,Hybrid
Clinical Implant Dentistry and Related Research,17088208,Hybrid
Clinical Obesity,17588111,Hybrid
Clinical Oral Implants Research,16000501,Hybrid
Clinical Otolaryngology,17494486,Hybrid
Clinical Pharmacology & Therapeutics,15326535,Hybrid
Clinical Pharmacology in Drug Development,21607648,Hybrid
Clinical Physiology and Functional Imaging,1475097X,Hybrid
Clinical Psychology & Psychotherapy,10990879,Hybrid
Clinical Transplantation,13990012,Hybrid
Cochrane Library* (Not eligible for APC coverage through a Transitional Deal),14651858,Hybrid
Cognitive Science,15516709,Hybrid
Color Research and Application,15206378,Hybrid
Coloration Technology,14784408,Hybrid
Colorectal Disease,14631318,Hybrid
Communications on Pure and Applied Mathematics,10970312,Hybrid
Community Dentistry and Oral Epidemiology,16000528,Hybrid
Comprehensive Reviews in Food Science and Food Safety,15414337,Hybrid
Computational Intelligence,14678640,Hybrid
Computer Animation and Virtual Worlds,1546427X,Hybrid
Computer Applications In Engineering Education,10990542,Hybrid
Computer Graphics Forum,14678659,Hybrid
Computer-Aided Civil and Infrastructure Engineering,14678667,Hybrid
Concurrency and Computation: Practice and Experience,15320634,Hybrid
Conflict Resolution Quarterly,15411508,Hybrid
Congenital Anomalies,17414520,Hybrid
Conservation Biology,15231739,Hybrid
Constellations,14678675,Hybrid
Consumer Psychology Review,24761281,Hybrid
Contact Dermatitis,16000536,Hybrid
Contemporary Accounting Research,19113846,Hybrid
Contemporary Economic Policy,14657287,Hybrid
Contributions to Plasma Physics,15213986,Hybrid
Corporate Governance: An International Review,14678683,Hybrid
Corporate Social Responsibility and Environmental Management,15353966,Hybrid
Counselling and Psychotherapy Research,17461405,Hybrid
Counselor Education and Supervision,15566978,Hybrid
Creativity and Innovation Management,14678691,Hybrid
Criminal Behaviour and Mental Health,14712857,Hybrid
Criminology,17459125,Hybrid
Criminology & Public Policy,17459133,Hybrid
Critical Quarterly,14678705,Hybrid
Crop Science,14350653,Hybrid
"Crop, Forage & Turfgrass Management",23743832,Hybrid
Crystal Research and Technology,15214079,Hybrid
"Culture, Agriculture, Food and Environment",21539561,Hybrid
Curator: The Museum Journal,21516952,Hybrid
Current Protocols,26911299,Hybrid
Curtis's Botanical Magazine,14678748,Hybrid
Cytometry Part A,15524930,Hybrid
Cytometry Part B: Clinical Cytometry,15524957,Hybrid
Cytopathology,13652303,Hybrid
Cytoskeleton,19493592,Hybrid
Decision Sciences,15405915,Hybrid
Decision Sciences Journal of Innovative Education,15404609,Hybrid
Dental Traumatology,16009657,Hybrid
Dermatological Reviews,26377489,Hybrid
Developing World Bioethics,14718847,Hybrid
Development and Change,14677660,Hybrid
Development Policy Review,14677679,Hybrid
"Development, Growth & Differentiation",1440169X,Hybrid
Developmental Dynamics,10970177,Hybrid
Developmental Medicine & Child Neurology,14698749,Hybrid
Developmental Neurobiology,1932846X,Hybrid
Developmental Psychobiology,10982302,Hybrid
Developmental Science,14677687,Hybrid
"Diabetes, Obesity and Metabolism",14631326,Hybrid
Diabetes/Metabolism Research and Reviews,15207560,Hybrid
Diabetic Medicine,14645491,Hybrid
Diagnostic Cytopathology,10970339,Hybrid
Dialog,15406385,Hybrid
Die Unterrichtspraxis/Teaching German,17561221,Hybrid
Digest of Middle East Studies,19493606,Hybrid
Digestive Endoscopy,14431661,Hybrid
Disasters,14677717,Hybrid
Drug and Alcohol Review,14653362,Hybrid
Drug Development Research,10982299,Hybrid
Drug Testing and Analysis,19427611,Hybrid
Dyslexia,10990909,Hybrid
Early Intervention in Psychiatry,17517893,Hybrid
Early Medieval Europe,14680254,Hybrid
Earth Surface Processes and Landforms,10969837,Hybrid
Earthquake Engineering & Structural Dynamics,10969845,Hybrid
Earthquake Engineering and Resilience,27705706,Hybrid
Echocardiography,15408175,Hybrid
Ecohydrology,19360592,Hybrid
Ecological Applications,19395582,Hybrid
Ecological Entomology,13652311,Hybrid
Ecological Management & Restoration,14428903,Hybrid
Ecological Monographs,15577015,Hybrid
Ecological Research,14401703,Hybrid
Ecology,19399170,Hybrid
Ecology Letters,14610248,Hybrid
Ecology of Freshwater Fish,16000633,Hybrid
Econometrica,14680262,Hybrid
Economic Affairs,14680270,Hybrid
Economic Anthropology,23304847,Hybrid
Economic Inquiry,14657295,Hybrid
Economic Notes,14680300,Hybrid
Economic Papers; A journal of applied economics and policy,17593441,Hybrid
Economic Record,14754932,Hybrid
Economica,14680335,Hybrid
Economics & Politics,14680343,Hybrid
Economics of Transition and Institutional Change,25776983,Hybrid
Educational Measurement: Issues and Practice,17453992,Hybrid
Educational Theory,17415446,Hybrid
Electrical Engineering in Japan,15206416,Hybrid
Electroanalysis,15214109,Hybrid
Electronics and Communications in Japan,19429541,Hybrid
ELECTROPHORESIS,15222683,Hybrid
Emergency Medicine Australasia,17426723,Hybrid
Energy Storage,25784862,Hybrid
Energy Technology,21944296,Hybrid
Entomologia Experimentalis et Applicata,15707458,Hybrid
Entomological Research,17485967,Hybrid
Entomological Science,14798298,Hybrid
Environmental and Molecular Mutagenesis,10982280,Hybrid
Environmental Microbiology,14622920,Hybrid
Environmental Policy and Governance,17569338,Hybrid
Environmental Progress & Sustainable Energy,19447450,Hybrid
Environmental Quality Management,15206483,Hybrid
Environmental Toxicology,15227278,Hybrid
Environmetrics,1099095X,Hybrid
Epilepsia,15281167,Hybrid
Epileptic Disorders,19506945,Hybrid
EPPO Bulletin,13652338,Hybrid
Equine Veterinary Education,20423292,Hybrid
Equine Veterinary Journal,20423306,Hybrid
Ethics & Human Research,25782363,Hybrid
Ethology,14390310,Hybrid
Ethos,15481352,Hybrid
EuroChoices,1746692X,Hybrid
European Eating Disorders Review,10990968,Hybrid
European Financial Management,1468036X,Hybrid
European Journal of Clinical Investigation,13652362,Hybrid
European Journal of Dental Education,16000579,Hybrid
European Journal of Education,14653435,Hybrid
European Journal of Haematology,16000609,Hybrid
European Journal of Heart Failure,18790844,Hybrid
European Journal of Immunology,15214141,Hybrid
European Journal of Inorganic Chemistry,10990682,Hybrid
European Journal of Lipid Science and Technology,14389312,Hybrid
European Journal of Neuroscience,14609568,Hybrid
European Journal of Oral Sciences,16000722,Hybrid
European Journal of Organic Chemistry,10990690,Hybrid
European Journal of Pain,15322149,Hybrid
European Journal of Philosophy,14680378,Hybrid
European Journal of Political Research,14756765,Hybrid
European Journal of Political Research Political Data Yearbook,20478852,Hybrid
European Journal of Social Psychology,10990992,Hybrid
European Journal of Soil Science,13652389,Hybrid
European Law Journal,14680386,Hybrid
European Management Review,17404762,Hybrid
European Policy Analysis,23806567,Hybrid
Evolution & Development,1525142X,Hybrid
Evolutionary Anthropology,15206505,Hybrid
Experimental Dermatology,16000625,Hybrid
Expert Systems,14680394,Hybrid
Family & Consumer Sciences Research Journal,15523934,Hybrid
Family Court Review,17441617,Hybrid
Family Process,15455300,Hybrid
Family Relations,17413729,Hybrid
Fatigue & Fracture of Engineering Materials & Structures,14602695,Hybrid
FEBS Letters,18733468,Hybrid
Feddes Repertorium,1522239X,Hybrid
Feminist Anthropology,26437961,Hybrid
Financial Accountability & Management,14680408,Hybrid
Financial Management,1755053X,Hybrid
"Financial Markets, Institutions & Instruments",14680416,Hybrid
Fire and Materials,10991018,Hybrid
Fiscal Studies,14755890,Hybrid
Fish and Fisheries,14672979,Hybrid
Fisheries Management and Ecology,13652400,Hybrid
Fisheries Oceanography,13652419,Hybrid
Flavour and Fragrance Journal,10991026,Hybrid
Foreign Language Annals,19449720,Hybrid
Forest Pathology,14390329,Hybrid
Fortschritte der Physik,15213978,Hybrid
Freshwater Biology,13652427,Hybrid
Frontiers in Ecology and the Environment,15409309,Hybrid
Fuel Cells,16156854,Hybrid
Fundamental & Clinical Pharmacology,14728206,Hybrid
Futures & Foresight Science,25735152,Hybrid
GAMM - Mitteilungen,15222608,Hybrid
Gender & History,14680424,Hybrid
"Gender, Work & Organization",14680432,Hybrid
General Anthropology,19393466,Hybrid
Genes to Cells,13652443,Hybrid
"Genes, Chromosomes and Cancer",10982264,Hybrid
genesis,1526968X,Hybrid
Genetic Epidemiology,10982272,Hybrid
Geoarchaeology,15206548,Hybrid
Geobiology,14724669,Hybrid
Geographical Analysis,15384632,Hybrid
Geographical Research,17455871,Hybrid
Geography Compass,17498198,Hybrid
Geological Journal,10991034,Hybrid
Geology Today,13652451,Hybrid
Geophysical Prospecting,13652478,Hybrid
Geostandards and Geoanalytical Research,1751908X,Hybrid
Geriatrics & Gerontology International,14470594,Hybrid
German Life and Letters,14680483,Hybrid
Gerodontology,17412358,Hybrid
Glia,10981136,Hybrid
Global Biogeochemical Cycles,19449224,Hybrid
Global Business and Organizational Excellence,19322062,Hybrid
Global Change Biology,13652486,Hybrid
Global Ecology and Biogeography,14668238,Hybrid
Global Networks,14710374,Hybrid
Global Policy,17585899,Hybrid
Global Strategy Journal,20425805,Hybrid
Governance,14680491,Hybrid
Grass and Forage Science,13652494,Hybrid
Grassland Science,1744697X,Hybrid
Greenhouse Gases: Science and Technology,21523878,Hybrid
Groundwater,17456584,Hybrid
Groundwater Monitoring & Remediation,17456592,Hybrid
Growth and Change,14682257,Hybrid
Haemophilia,13652516,Hybrid
Hastings Center Report,1552146X,Hybrid
Head & Neck,10970347,Hybrid
Headache: The Journal of Head and Face Pain,15264610,Hybrid
Health Economics,10991050,Hybrid
Health Information and Libraries Journal,14711842,Hybrid
Health Promotion Journal of Australia,22011617,Hybrid
Health Services Research,14756773,Hybrid
Heat Transfer,26884542,Hybrid
Helicobacter,15235378,Hybrid
Helvetica Chimica Acta,15222675,Hybrid
Hematological Oncology,10991069,Hybrid
Hemodialysis International,15424758,Hybrid
Hepatology Research,1872034X,Hybrid
Higher Education Quarterly,14682273,Hybrid
Hippocampus,10981063,Hybrid
Histopathology,13652559,Hybrid
History,1468229X,Hybrid
History and Theory,14682303,Hybrid
History Compass,14780542,Hybrid
HIV Medicine,14681293,Hybrid
HLA: Immune Response Genetics,20592310,Hybrid
Human Factors and Ergonomics in Manufacturing & Service Industries,15206564,Hybrid
Human Psychopharmacology: Clinical and Experimental,10991077,Hybrid
Human Resource Development Quarterly,15321096,Hybrid
Human Resource Management,1099050X,Hybrid
Human Resource Management Journal,17488583,Hybrid
Hydrological Processes,10991085,Hybrid
Ibis,1474919X,Hybrid
IEEJ Transactions on Electrical and Electronic Engineering,19314981,Hybrid
Immunological Reviews,1600065X,Hybrid
Immunology,13652567,Hybrid
Immunology & Cell Biology,14401711,Hybrid
In Practice,20427689,Hybrid
Industrial Relations,1468232X,Hybrid
Industrial Relations Journal,14682338,Hybrid
Infancy,15327078,Hybrid
Infant and Child Development,15227219,Hybrid
Infant Mental Health Journal,10970355,Hybrid
Information Systems Journal,13652575,Hybrid
Insect Conservation and Diversity,17524598,Hybrid
Insect Molecular Biology,13652583,Hybrid
Insect Science,17447917,Hybrid
Integrative Zoology,17494877,Hybrid
"Intelligent Systems in Accounting, Finance and Management",21600074,Hybrid
Internal Medicine Journal,14455994,Hybrid
International Economic Review,14682354,Hybrid
International Endodontic Journal,13652591,Hybrid
International Finance,14682362,Hybrid
International Forum of Allergy & Rhinology,20426984,Hybrid
International Insolvency Review,10991107,Hybrid
International Journal for Numerical and Analytical Methods in Geomechanics,10969853,Hybrid
International Journal for Numerical Methods in Biomedical Engineering,20407947,Hybrid
International Journal for Numerical Methods in Engineering,10970207,Hybrid
International Journal for Numerical Methods in Fluids,10970363,Hybrid
International Journal of Adaptive Control and Signal Processing,10991115,Hybrid
International Journal of Applied Ceramic Technology,17447402,Hybrid
International Journal of Applied Glass Science,20411294,Hybrid
International Journal of Applied Linguistics,14734192,Hybrid
International Journal of Applied Psychoanalytic Studies,15569187,Hybrid
International Journal of Art & Design Education,14768070,Hybrid
International Journal of Auditing,10991123,Hybrid
International Journal of Cancer,10970215,Hybrid
International Journal of Chemical Kinetics,10974601,Hybrid
International Journal of Circuit Theory and Applications,1097007X,Hybrid
International Journal of Climatology,10970088,Hybrid
International Journal of Communication Systems,10991131,Hybrid
International Journal of Consumer Studies,14706431,Hybrid
International Journal of Cosmetic Science,14682494,Hybrid
International Journal of Dairy Technology,14710307,Hybrid
International Journal of Dental Hygiene,16015037,Hybrid
International Journal of Dermatology,13654632,Hybrid
International Journal of Developmental Neuroscience,1873474X,Hybrid
International Journal of Eating Disorders,1098108X,Hybrid
International Journal of Economic Theory,17427363,Hybrid
International Journal of Experimental Pathology,13652613,Hybrid
International Journal of Finance & Economics,10991158,Hybrid
International Journal of Geriatric Psychiatry,10991166,Hybrid
International Journal of Gynecology & Obstetrics,18793479,Hybrid
International Journal of Imaging Systems and Technology,10981098,Hybrid
International Journal of Immunogenetics,1744313X,Hybrid
International Journal of Laboratory Hematology,1751553X,Hybrid
International Journal of Language & Communication Disorders,14606984,Hybrid
International Journal of Management Reviews,14682370,Hybrid
International Journal of Mental Health Nursing,14470349,Hybrid
International Journal of Network Management,10991190,Hybrid
"International Journal of Numerical Modelling: Electronic Networks, Devices and Fields",10991204,Hybrid
International Journal of Nursing Knowledge,20473095,Hybrid
International Journal of Nursing Practice,1440172X,Hybrid
International Journal of Older People Nursing,17483743,Hybrid
International Journal of Osteoarchaeology,10991212,Hybrid
International Journal of Paediatric Dentistry,1365263X,Hybrid
International Journal of Psychology,1464066X,Hybrid
International Journal of Quantum Chemistry,1097461X,Hybrid
International Journal of Rheumatic Diseases,1756185X,Hybrid
International Journal of Robust and Nonlinear Control,10991239,Hybrid
International Journal of Satellite Communications and Networking,15420981,Hybrid
International Journal of Selection and Assessment,14682389,Hybrid
International Journal of Social Welfare,14682397,Hybrid
International Journal of Systematic Theology,14682400,Hybrid
International Journal of Tourism Research,15221970,Hybrid
International Journal of Training and Development,14682419,Hybrid
International Journal of Urban and Regional Research,14682427,Hybrid
International Journal of Urological Nursing,1749771X,Hybrid
International Journal of Urology,14422042,Hybrid
International Migration,14682435,Hybrid
International Nursing Review,14667657,Hybrid
International Review of Finance,14682443,Hybrid
International Review of Hydrobiology,15222632,Hybrid
International Review of Mission,17586631,Hybrid
International Social Science Journal,14682451,Hybrid
International Social Security Review,1468246X,Hybrid
International Statistical Review,17515823,Hybrid
International Transactions in Operational Research,14753995,Hybrid
Internet Technology Letters,24761508,Hybrid
IPPR Progressive Review,25732331,Hybrid
Irrigation and Drainage,15310361,Hybrid
Island Arc,14401738,Hybrid
Israel Journal of Chemistry,18695868,Hybrid
IUBMB Life,15216551,Hybrid
JACCP: Journal of the American College of Clinical Pharmacy,25749870,Hybrid
Japan Journal of Nursing Science,17427924,Hybrid
Japanese Journal of Sociology,27691357,Hybrid
JCMS: Journal of Common Market Studies,14685965,Hybrid
Journal der Deutschen Dermatologischen Gesellschaft,16100387,Hybrid
Journal For Eighteenth-Century Studies,17540208,Hybrid
Journal for Specialists In Pediatric Nursing,17446155,Hybrid
Journal for the Anthropology of North America,24755389,Hybrid
Journal for the Scientific Study of Religion,14685906,Hybrid
Journal for the Theory of Social Behaviour,14685914,Hybrid
Journal of Accounting Research,1475679X,Hybrid
Journal of Addictions & Offender Counseling,21611874,Hybrid
Journal of Adolescence,10959254,Hybrid
Journal of Adolescent & Adult Literacy,19362706,Hybrid
Journal of Advanced Manufacturing and Processing,2637403X,Hybrid
Journal of Advanced Nursing,13652648,Hybrid
Journal of Agrarian Change,14710366,Hybrid
Journal of Agricultural Economics,14779552,Hybrid
Journal of Agronomy and Crop Science,1439037X,Hybrid
Journal of Analytical Psychology,14685922,Hybrid
Journal of Anatomy,14697580,Hybrid
Journal of Animal Breeding and Genetics,14390388,Hybrid
Journal of Animal Ecology,13652656,Hybrid
Journal of Animal Physiology and Animal Nutrition,14390396,Hybrid
Journal of Applied Behavior Analysis,19383703,Hybrid
Journal of Applied Corporate Finance,17456622,Hybrid
Journal of Applied Crystallography,16005767,Hybrid
Journal of Applied Ecology,13652664,Hybrid
Journal of Applied Econometrics,10991255,Hybrid
Journal of Applied Entomology,14390418,Hybrid
Journal of Applied Philosophy,14685930,Hybrid
Journal of Applied Polymer Science,10974628,Hybrid
Journal of Applied Research in Intellectual Disabilities,14683148,Hybrid
Journal of Applied Social Psychology,15591816,Hybrid
Journal of Applied Toxicology,10991263,Hybrid
Journal of Basic Microbiology,15214028,Hybrid
Journal of Behavioral Decision Making,10990771,Hybrid
Journal of Biochemical and Molecular Toxicology,10990461,Hybrid
Journal of Biogeography,13652699,Hybrid
Journal of Biomedical Materials Research Part A,15524965,Hybrid
Journal of Biomedical Materials Research Part B: Applied Biomaterials,15524981,Hybrid
Journal of Biophotonics,18640648,Hybrid
Journal of Business Finance & Accounting,14685957,Hybrid
Journal of Business Logistics,21581592,Hybrid
Journal of Cardiovascular Electrophysiology,15408167,Hybrid
Journal of Cellular Biochemistry,10974644,Hybrid
Journal of Cellular Physiology,10974652,Hybrid
Journal of Chemical Technology and Biotechnology,10974660,Hybrid
Journal of Chemometrics,1099128X,Hybrid
Journal of Child and Adolescent Psychiatric Nursing,17446171,Hybrid
Journal of Child Psychology and Psychiatry,14697610,Hybrid
Journal of Clinical Apheresis,10981101,Hybrid
Journal of Clinical Nursing,13652702,Hybrid
Journal of Clinical Periodontology,1600051X,Hybrid
Journal of Clinical Psychology,10974679,Hybrid
Journal of Clinical Ultrasound,10970096,Hybrid
Journal of Combinatorial Designs,15206610,Hybrid
Journal of Community & Applied Social Psychology,10991298,Hybrid
Journal of Community Psychology,15206629,Hybrid
Journal of Computational Chemistry,1096987X,Hybrid
Journal of Computer Assisted Learning,13652729,Hybrid
Journal of Consumer Affairs,17456606,Hybrid
Journal of Consumer Behaviour,14791838,Hybrid
Journal of Consumer Psychology,15327663,Hybrid
Journal of Contingencies and Crisis Management,14685973,Hybrid
Journal of Corporate Accounting & Finance,10970053,Hybrid
Journal of Counseling & Development,15566676,Hybrid
Journal of Critical Infrastructure Policy,26933101,Hybrid
Journal of Cutaneous Pathology,16000560,Hybrid
Journal of Dental Education,19307837,Hybrid
Journal of Digestive Diseases,17512980,Hybrid
Journal of Ecology,13652745,Hybrid
Journal of Economic Surveys,14676419,Hybrid
Journal of Economics & Management Strategy,15309134,Hybrid
Journal of Educational Measurement,17453984,Hybrid
Journal of Elder Policy,27677451,Hybrid
Journal of Empirical Legal Studies,17401461,Hybrid
Journal of Employment Counseling,21611920,Hybrid
Journal of Engineering Education,21689830,Hybrid
Journal of Environmental Quality,15372537,Hybrid
Journal of Esthetic and Restorative Dentistry,17088240,Hybrid
Journal of Eukaryotic Microbiology,15507408,Hybrid
Journal of Evaluation in Clinical Practice,13652753,Hybrid
Journal of Evidence-Based Medicine,17565391,Hybrid
Journal of Experimental Zoology Part A: Ecological and Intergrative Physiology,19325231,Hybrid
Journal of Experimental Zoology Part B: Molecular and Developmental Evolution,15525015,Hybrid
Journal of Family Theory & Review,17562589,Hybrid
Journal of Family Therapy,14676427,Hybrid
Journal of Field Robotics,15564967,Hybrid
Journal of Financial Research,14756803,Hybrid
Journal of Fish Biology,10958649,Hybrid
Journal of Fish Diseases,13652761,Hybrid
Journal of Food Process Engineering,17454530,Hybrid
Journal of Food Safety,17454565,Hybrid
Journal of Food Science,17503841,Hybrid
Journal of Forecasting,1099131X,Hybrid
Journal of Forensic Sciences,15564029,Hybrid
Journal of Gastroenterology and Hepatology,14401746,Hybrid
Journal of Genetic Counseling,15733599,Hybrid
Journal of Geophysical Research: Atmospheres,21698996,Hybrid
Journal of Geophysical Research: Biogeosciences,21698961,Hybrid
Journal of Geophysical Research: Earth Surface,21699011,Hybrid
Journal of Geophysical Research: Oceans,21699291,Hybrid
Journal of Geophysical Research: Planets,21699100,Hybrid
Journal of Geophysical Research: Solid Earth,21699356,Hybrid
Journal of Geophysical Research: Space Physics,21699402,Hybrid
Journal of Graph Theory,10970118,Hybrid
Journal of Healthcare Risk Management,20400861,Hybrid
Journal of Hepato-Biliary-Pancreatic Sciences,18686982,Hybrid
Journal of Heterocyclic Chemistry,19435193,Hybrid
Journal of Hospital Medicine,15535606,Hybrid
Journal of Human Nutrition and Dietetics,1365277X,Hybrid
Journal of Industrial Ecology,15309290,Hybrid
Journal of Inherited Metabolic Disease,15732665,Hybrid
Journal of Integrative Plant Biology,17447909,Hybrid
Journal of Intellectual Disability Research,13652788,Hybrid
Journal of Internal Medicine,13652796,Hybrid
Journal of International Development,10991328,Hybrid
Journal of International Financial Management & Accounting,1467646X,Hybrid
Journal of Investigative Psychology and Offender Profiling,15444767,Hybrid
Journal of Labelled Compounds and Radiopharmaceuticals,10991344,Hybrid
Journal of Law and Society,14676478,Hybrid
Journal of Leadership Studies,1935262X,Hybrid
Journal of Legal Studies Education,17441722,Hybrid
Journal of Linguistic Anthropology,15481395,Hybrid
Journal of Magnetic Resonance Imaging,15222586,Hybrid
Journal of Management Studies,14676486,Hybrid
Journal of Marital and Family Therapy,17520606,Hybrid
Journal of Marriage and Family,17413737,Hybrid
Journal of Mass Spectrometry,10969888,Hybrid
Journal of Medical Imaging and Radiation Oncology,17549485,Hybrid
Journal of Medical Primatology,16000684,Hybrid
Journal of Medical Virology,10969071,Hybrid
Journal of Metamorphic Geology,15251314,Hybrid
Journal of Microscopy,13652818,Hybrid
Journal of Midwifery & Women's Health,15422011,Hybrid
Journal of Molecular Recognition,10991352,Hybrid
"Journal of Money, Credit and Banking",15384616,Hybrid
Journal of Morphology,10974687,Hybrid
Journal of Multi-Criteria Decision Analysis,10991360,Hybrid
Journal of Multicultural Counseling and Development,21611912,Hybrid
Journal of Neurochemistry,14714159,Hybrid
Journal of Neuroendocrinology,13652826,Hybrid
Journal of Neuroimaging,15526569,Hybrid
Journal of Neuropsychology,17486653,Hybrid
Journal of Neuroscience Research,10974547,Hybrid
Journal of Nursing Scholarship,15475069,Hybrid
Journal of Obstetrics and Gynaecology Research,14470756,Hybrid
Journal of Occupational and Organizational Psychology,20448325,Hybrid
Journal of Operations Management,18731317,Hybrid
Journal of Oral Pathology & Medicine,16000714,Hybrid
Journal of Oral Rehabilitation,13652842,Hybrid
Journal of Organizational Behavior,10991379,Hybrid
Journal of Orthopaedic Research ®,1554527X,Hybrid
Journal of Paediatrics and Child Health,14401754,Hybrid
Journal of Parenteral and Enteral Nutrition,19412444,Hybrid
Journal of Pediatric Gastroenterology and Nutrition,15364801,Hybrid
Journal of Peptide Science,10991387,Hybrid
Journal of Periodontal Research,16000765,Hybrid
Journal of Periodontology,19433670,Hybrid
Journal of Personality,14676494,Hybrid
Journal of Petroleum Geology,17475457,Hybrid
Journal of Pharmacy Practice and Research,20552335,Hybrid
Journal of Philanthropy,26911361,Hybrid
Journal of Phycology,15298817,Hybrid
Journal of Physical Organic Chemistry,10991395,Hybrid
Journal of Phytopathology,14390434,Hybrid
Journal of Pineal Research,1600079X,Hybrid
Journal of Plant Nutrition and Soil Science,15222624,Hybrid
Journal of Plant Registrations,19403496,Hybrid
Journal of Policy Analysis and Management,15206688,Hybrid
Journal of Policy and Practice In Intellectual Disabilities,17411130,Hybrid
Journal of Polymer Science,26424169,Hybrid
Journal of Product Innovation Management,15405885,Hybrid
Journal of Prosthodontics,1532849X,Hybrid
Journal of Psychiatric and Mental Health Nursing,13652850,Hybrid
Journal of Public Affairs,14791854,Hybrid
Journal of Public Economic Theory,14679779,Hybrid
Journal of Public Health Dentistry,17527325,Hybrid
Journal of Quaternary Science,10991417,Hybrid
Journal of Raman Spectroscopy,10974555,Hybrid
Journal Of Regional Science,14679787,Hybrid
Journal of Religious Ethics,14679795,Hybrid
Journal of Religious History,14679809,Hybrid
Journal of Renal Care,17556686,Hybrid
Journal of Research in Reading,14679817,Hybrid
Journal of Research in Science Teaching,10982736,Hybrid
Journal of Research in Special Educational Needs,14713802,Hybrid
Journal of Research On Adolescence,15327795,Hybrid
Journal of Risk and Insurance,15396975,Hybrid
Journal of School Health,17461561,Hybrid
Journal of Sensory Studies,1745459X,Hybrid
Journal of Separation Science,16159314,Hybrid
Journal of Sleep Research,13652869,Hybrid
Journal of Small Animal Practice,17485827,Hybrid
Journal of Social Issues,15404560,Hybrid
Journal of Social Philosophy,14679833,Hybrid
Journal of Sociolinguistics,14679841,Hybrid
Journal of Software: Evolution and Process,20477481,Hybrid
Journal of Supply Chain Management,1745493X,Hybrid
Journal of Surfactants and Detergents,15589293,Hybrid
Journal of Surgical Oncology,10969098,Hybrid
Journal of Systematics and Evolution,17596831,Hybrid
Journal of Texture Studies,17454603,Hybrid
Journal of the American Ceramic Society,15512916,Hybrid
Journal of the American Geriatrics Society,15325415,Hybrid
Journal of The American Oil Chemists' Society,15589331,Hybrid
Journal of the American Water Resources Association,17521688,Hybrid
Journal of the Association for Information Science and Technology,23301643,Hybrid
Journal of the Chinese Chemical Society,21926549,Hybrid
Journal of the European Academy of Dermatology and Venereology,14683083,Hybrid
Journal of the Experimental Analysis of Behavior,19383711,Hybrid
Journal of the History of the Behavioral Sciences,15206696,Hybrid
Journal of the London Mathematical Society,14697750,Hybrid
Journal of the Peripheral Nervous System,15298027,Hybrid
Journal of the Royal Anthropological Institute,14679655,Hybrid
Journal of the Science of Food and Agriculture,10970010,Hybrid
Journal of the Society for Information Display,19383657,Hybrid
Journal of Time Series Analysis,14679892,Hybrid
Journal of Topology,17538424,Hybrid
Journal of Traumatic Stress,15736598,Hybrid
Journal of Ultrasound in Medicine,15509613,Hybrid
Journal of Vegetation Science,16541103,Hybrid
Journal of Veterinary Emergency and Critical Care,14764431,Hybrid
Journal of Veterinary Pharmacology and Therapeutics,13652885,Hybrid
Journal of Vinyl & Additive Technology,15480585,Hybrid
Journal of Viral Hepatitis,13652893,Hybrid
Journal of Zoology,14697998,Hybrid
Juvenile and Family Court Journal,17556988,Hybrid
"Knee Surgery, Sports Traumatology, Arthroscopy",14337347,Hybrid
Knowledge and Process Management,10991441,Hybrid
Kyklos,14676435,Hybrid
LABOUR,14679914,Hybrid
"Lakes & Reservoirs: Science, Policy and Management for Sustainable Use",14401770,Hybrid
Land Degradation & Development,1099145X,Hybrid
Language and Linguistics Compass,1749818X,Hybrid
Language Learning,14679922,Hybrid
Laser & Photonics Reviews,18638899,Hybrid
Lasers in Surgery and Medicine,10969101,Hybrid
Latin American Policy,20417373,Hybrid
Law & Policy,14679930,Hybrid
Leader to Leader,15315355,Hybrid
Legal and Criminological Psychology,20448333,Hybrid
Legislative Studies Quarterly,19399162,Hybrid
Limnology and Oceanography,19395590,Hybrid
Limnology and Oceanography Bulletin,15396088,Hybrid
Limnology and Oceanography: Methods,15415856,Hybrid
Lipids,15589307,Hybrid
Literacy,17414369,Hybrid
Literature Compass,17414113,Hybrid
Liver International,14783231,Hybrid
Lubrication Science,15576833,Hybrid
Luminescence,15227243,Hybrid
LUTS: Lower Urinary Tract Symptoms,17575672,Hybrid
Macromolecular Bioscience,16165195,Hybrid
Macromolecular Chemistry and Physics,15213935,Hybrid
Macromolecular Rapid Communications,15213927,Hybrid
Macromolecular Reaction Engineering,18628338,Hybrid
Macromolecular Symposia,15213900,Hybrid
Macromolecular Theory and Simulations,15213919,Hybrid
Magnetic Resonance in Chemistry,1097458X,Hybrid
Magnetic Resonance in Medicine,15222594,Hybrid
Mammal Review,13652907,Hybrid
Managerial and Decision Economics,10991468,Hybrid
Marine Ecology,14390485,Hybrid
Marine Mammal Science,17487692,Hybrid
Mass Spectrometry Reviews,10982787,Hybrid
Materials and Corrosion,15214176,Hybrid
Materialwissenschaft und Werkstofftechnik,15214052,Hybrid
Mathematical Finance,14679965,Hybrid
Mathematical Logic Quarterly,15213870,Hybrid
Mathematical Methods in the Applied Sciences,10991476,Hybrid
Mathematika,20417942,Hybrid
Mathematische Nachrichten,15222616,Hybrid
Medical and Veterinary Entomology,13652915,Hybrid
Medical Anthropology Quarterly,15481387,Hybrid
Medical Education,13652923,Hybrid
Medical Journal of Australia,13265377,Hybrid
Medical Physics,24734209,Hybrid
Medicinal Research Reviews,10981128,Hybrid
Metaphilosophy,14679973,Hybrid
Meteoritics & Planetary Science,19455100,Hybrid
Metroeconomica,1467999X,Hybrid
Microbiology and Immunology,13480421,Hybrid
Microcirculation,15498719,Hybrid
Microscopy Research and Technique,10970029,Hybrid
Microsurgery,10982752,Hybrid
Microwave and Optical Technology Letters,10982760,Hybrid
Middle East Policy,14754967,Hybrid
Milton Quarterly,1094348X,Hybrid
Mind & Language,14680017,Hybrid
"Mind, Brain, and Education",1751228X,Hybrid
Modern Theology,14680025,Hybrid
Molecular Carcinogenesis,10982744,Hybrid
Molecular Ecology,1365294X,Hybrid
Molecular Ecology Resources,17550998,Hybrid
Molecular Informatics,18681751,Hybrid
Molecular Microbiology,13652958,Hybrid
Molecular Nutrition & Food Research,16134133,Hybrid
Molecular Oral Microbiology,20411014,Hybrid
Molecular Reproduction and Development,10982795,Hybrid
Monographs of the Society for Research in Child Development,15405834,Hybrid
Movement Disorders,15318257,Hybrid
Movement Disorders Clinical Practice,23301619,Hybrid
Muscle & Nerve,10974598,Hybrid
Musculoskeletal Care,15570681,Hybrid
Museum Anthropology,15481379,Hybrid
Music Analysis,14682249,Hybrid
Mycoses,14390507,Hybrid
Nations and Nationalism,14698129,Hybrid
Natural Resources Forum,14778947,Hybrid
Natural Sciences Education,21688281,Hybrid
Naval Research Logistics,15206750,Hybrid
Near Surface Geophysics,18730604,Hybrid
Nephrology,14401797,Hybrid
Networks,10970037,Hybrid
Neurogastroenterology & Motility,13652982,Hybrid
Neurology and Clinical Neuroscience,20494173,Hybrid
Neuropathology,14401789,Hybrid
Neuropathology and Applied Neurobiology,13652990,Hybrid
Neurourology and Urodynamics,15206777,Hybrid
New Directions for Adult and Continuing Education,15360717,Hybrid
New Directions for Community Colleges,15360733,Hybrid
New Directions for Evaluation,1534875X,Hybrid
New Directions for Higher Education,15360741,Hybrid
New Directions for Student Leadership,23733357,Hybrid
New Directions for Student Services,15360695,Hybrid
New Directions for Teaching and Learning,15360768,Hybrid
New Phytologist,14698137,Hybrid
"New Technology, Work and Employment",1468005X,Hybrid
New Zealand Geographer,17457939,Hybrid
NMR in Biomedicine,10991492,Hybrid
Nonprofit Management & Leadership,15427854,Hybrid
Nordic Journal of Botany,17561051,Hybrid
Noûs,14680068,Hybrid
Numerical Linear Algebra With Applications,10991506,Hybrid
Numerical Methods for Partial Differential Equations,10982426,Hybrid
Nursing & Health Sciences,14422018,Hybrid
Nursing In Critical Care,14785153,Hybrid
Nursing Inquiry,14401800,Hybrid
Nursing Philosophy,1466769X,Hybrid
Nutrition & Dietetics,17470080,Hybrid
Nutrition Bulletin,14673010,Hybrid
Nutrition in Clinical Practice,19412452,Hybrid
Obesity,1930739X,Hybrid
Obesity Reviews,1467789X,Hybrid
Oceania,18344461,Hybrid
Oikos,16000706,Hybrid
OPEC Energy Review,17530237,Hybrid
Ophthalmic and Physiological Optics,14751313,Hybrid
Optimal Control Applications and Methods,10991514,Hybrid
Oral Diseases,16010825,Hybrid
Oral Science International,18814204,Hybrid
Oral Surgery,1752248X,Hybrid
Orbis Litterarum,16000730,Hybrid
Orthodontics & Craniofacial Research,16016343,Hybrid
Otolaryngology-Head and Neck Surgery,10976817,Hybrid
Oxford Bulletin of Economics and Statistics,14680084,Hybrid
Oxford Journal of Archaeology,14680092,Hybrid
Pacific Economic Review,14680106,Hybrid
Pacific Focus,19765118,Hybrid
Pacific Philosophical Quarterly,14680114,Hybrid
Pacing and Clinical Electrophysiology,15408159,Hybrid
Packaging Technology and Science,10991522,Hybrid
Paediatric and Perinatal Epidemiology,13653016,Hybrid
Pain Practice,15332500,Hybrid
Palaeontology,14754983,Hybrid
Paleoceanography and Paleoclimatology,25724525,Hybrid
Papers in Palaeontology,20562802,Hybrid
Parasite Immunology,13653024,Hybrid
Parliamentary History,17500206,Hybrid
Particle & Particle Systems Characterization,15214117,Hybrid
Pathology International,14401827,Hybrid
Peace & Change,14680130,Hybrid
Pediatric Allergy and Immunology,13993038,Hybrid
Pediatric Anesthesia,14609592,Hybrid
Pediatric Blood & Cancer,15455017,Hybrid
Pediatric Dermatology,15251470,Hybrid
Pediatric Obesity,20476310,Hybrid
Pediatric Pulmonology,10990496,Hybrid
Pediatric Transplantation,13993046,Hybrid
Pediatrics International,1442200X,Hybrid
Peptide Science,24758817,Hybrid
Periodontology 2000,16000757,Hybrid
Permafrost and Periglacial Processes,10991530,Hybrid
Personal Relationships,14756811,Hybrid
Personality and Mental Health,1932863X,Hybrid
Personnel Psychology,17446570,Hybrid
Perspectives On Sexual and Reproductive Health,19312393,Hybrid
Pest Management Science,15264998,Hybrid
Pharmaceutical Statistics,15391612,Hybrid
Pharmacoepidemiology and Drug Safety,10991557,Hybrid
Pharmacotherapy: The Journal of Human Pharmacology and Drug Therapy,18759114,Hybrid
Philosophical Investigations,14679205,Hybrid
Philosophical Issues,17582237,Hybrid
Philosophical Perspectives,15208583,Hybrid
Philosophy & Public Affairs,10884963,Hybrid
Philosophy and Phenomenological Research,19331592,Hybrid
Philosophy Compass,17479991,Hybrid
Photochemistry and Photobiology,17511097,Hybrid
"Photodermatology, Photoimmunology & Photomedicine",16000781,Hybrid
Phycological Research,14401835,Hybrid
physica status solidi (a) applications and materials science,18626319,Hybrid
physica status solidi (b) basic solid state physics,15213951,Hybrid
physica status solidi (RRL) rapid research letters,18626270,Hybrid
Physik in unserer Zeit,15213943,Hybrid
Physiologia Plantarum,13993054,Hybrid
Physiological Entomology,13653032,Hybrid
Physiotherapy Research International,14712865,Hybrid
Phytochemical Analysis,10991565,Hybrid
Phytotherapy Research,10991573,Hybrid
Pigment Cell & Melanoma Research,1755148X,Hybrid
Plant Biology,14388677,Hybrid
Plant Breeding,14390523,Hybrid
Plant Pathology,13653059,Hybrid
Plant Species Biology,14421984,Hybrid
"Plant, Cell & Environment",13653040,Hybrid
Plasma Processes and Polymers,16128869,Hybrid
PM&R,19341563,Hybrid
PoLAR: Political and Legal Anthropology Review,15552934,Hybrid
Policy & Internet,19442866,Hybrid
Policy Studies Journal,15410072,Hybrid
Political Psychology,14679221,Hybrid
Politics & Policy,17471346,Hybrid
Polymer Composites,15480569,Hybrid
Polymer Engineering & Science,15482634,Hybrid
Polymer International,10970126,Hybrid
Polymers for Advanced Technologies,10991581,Hybrid
Popular Culture Review,2831865X,Hybrid
Population and Development Review,17284457,Hybrid
Population Ecology,1438390X,Hybrid
"Population, Space and Place",15448452,Hybrid
Poverty & Public Policy,19442858,Hybrid
Prenatal Diagnosis,10970223,Hybrid
Presidential Studies Quarterly,17415705,Hybrid
Proceedings in Applied Mathematics & Mechanics,16177061,Hybrid
Proceedings of the London Mathematical Society,1460244X,Hybrid
Process Safety Progress,15475913,Hybrid
Progress in Photovoltaics: Research and Applications,1099159X,Hybrid
"Propellants, Explosives, Pyrotechnics",15214087,Hybrid
Protein Science,1469896X,Hybrid
"Proteins: Structure, Function, and Bioinformatics",10970134,Hybrid
Proteomics,16159861,Hybrid
PROTEOMICS - Clinical Applications,18628354,Hybrid
Psychiatry and Clinical Neurosciences,14401819,Hybrid
Psychogeriatrics,14798301,Hybrid
Psychology & Marketing,15206793,Hybrid
"Psychology and Psychotherapy: Theory, Research and Practice",20448341,Hybrid
Psychology in the Schools,15206807,Hybrid
Psycho-Oncology,10991611,Hybrid
Psychophysiology,14698986,Hybrid
Public Administration,14679299,Hybrid
Public Administration and Development,1099162X,Hybrid
Public Administration Review,15406210,Hybrid
Public Budgeting & Finance,15405850,Hybrid
Public Health Nursing,15251446,Hybrid
Quality and Reliability Engineering International,10991638,Hybrid
Quarterly Journal of the Royal Meteorological Society,1477870X,Hybrid
R&D Management,14679310,Hybrid
Radio Science,1944799X,Hybrid
Random Structures & Algorithms,10982418,Hybrid
Rapid Communications in Mass Spectrometry,10970231,Hybrid
Ratio,14679329,Hybrid
Ratio Juris,14679337,Hybrid
Reading Research Quarterly,19362722,Hybrid
Real Estate Economics,15406229,Hybrid
Regulation & Governance,17485991,Hybrid
Religion Compass,17498171,Hybrid
Religious Studies Review,17480922,Hybrid
Remediation,15206831,Hybrid
Renaissance Studies,14774658,Hybrid
Reproduction in Domestic Animals,14390531,Hybrid
Research in Nursing & Health,1098240X,Hybrid
Resource Geology,17513928,Hybrid
Respirology,14401843,Hybrid
Restoration Ecology,1526100X,Hybrid
Review of Development Economics,14679361,Hybrid
Review of Education,20496613,Hybrid
"Review of European, Comparative & International Environmental Law",20500394,Hybrid
Review of Financial Economics,18735924,Hybrid
Review of Income and Wealth,14754991,Hybrid
Review of International Economics,14679396,Hybrid
Review of Policy Research,15411338,Hybrid
Reviews in Aquaculture,17535131,Hybrid
Reviews in Medical Virology,10991654,Hybrid
Reviews in Religion & Theology,14679418,Hybrid
Reviews of Geophysics,19449208,Hybrid
Risk Analysis,15396924,Hybrid
Risk Management and Insurance Review,15406296,Hybrid
"Risk, Hazards & Crisis in Public Policy",19444079,Hybrid
River Research and Applications,15351467,Hybrid
Rural Sociology,15490831,Hybrid
Scandinavian Journal of Caring Sciences,14716712,Hybrid
Scandinavian Journal of Immunology,13653083,Hybrid
Scandinavian Journal of Medicine & Science in Sports,16000838,Hybrid
Scandinavian Journal of Psychology,14679450,Hybrid
Scandinavian Journal of Statistics,14679469,Hybrid
Scandinavian Political Studies,14679477,Hybrid
School Science and Mathematics,19498594,Hybrid
Science Education,1098237X,Hybrid
Scottish Journal of Political Economy,14679485,Hybrid
"Sculpture, Monuments and Open Space",29933439,Hybrid
Security and Privacy,24756725,Hybrid
Sedimentology,13653091,Hybrid
Seminars in Dialysis,1525139X,Hybrid
Separation Science Plus,25731815,Hybrid
"Sexuality, Gender & Policy",26395355,Hybrid
Singapore Journal of Tropical Geography,14679493,Hybrid
Small,16136829,Hybrid
Small Methods,23669608,Hybrid
Social and Personality Psychology Compass,17519004,Hybrid
Social Development,14679507,Hybrid
Social Issues and Policy Review,17512409,Hybrid
Social Policy & Administration,14679515,Hybrid
Social Science Quarterly,15406237,Hybrid
Sociologia Ruralis,14679523,Hybrid
Sociological Forum,15737861,Hybrid
Sociological Inquiry,1475682X,Hybrid
Sociology Compass,17519020,Hybrid
Sociology Lens,14676443,Hybrid
Sociology of Health & Illness,14679566,Hybrid
"Software Testing, Verification & Reliability",10991689,Hybrid
Software: Practice and Experience,1097024X,Hybrid
Soil Science Society of America Journal,14350661,Hybrid
Soil Use and Management,14752743,Hybrid
Solar RRL,2367198X,Hybrid
Sonography,20546750,Hybrid
South African Journal of Economics,18136982,Hybrid
Southern Economic Journal,23258012,Hybrid
Special Care in Dentistry,17544505,Hybrid
Starch - Stärke,1521379X,Hybrid
Stat,20491573,Hybrid
Statistica Neerlandica,14679574,Hybrid
Statistical Analysis and Data Mining,19321872,Hybrid
Statistics in Medicine,10970258,Hybrid
Steel Construction: Design and Research,18670539,Hybrid
Steel Research International,1869344X,Hybrid
Strain,14751305,Hybrid
Strategic Change,10991697,Hybrid
Strategic Entrepreneurship Journal,1932443X,Hybrid
Strategic Management Journal,10970266,Hybrid
Stress and Health,15322998,Hybrid
Structural Concrete,17517648,Hybrid
Studia Linguistica,14679582,Hybrid
Studies in Applied Mathematics,14679590,Hybrid
Studies In Ethnicity and Nationalism,17549469,Hybrid
Studies in Family Planning,17284465,Hybrid
Suicide and Life-Threatening Behavior,1943278X,Hybrid
Support for Learning,14679604,Hybrid
Surface and Interface Analysis,10969918,Hybrid
Surgical Practice,17441633,Hybrid
Sustainable Development,10991719,Hybrid
Swiss Political Science Review,16626370,Hybrid
Symbolic Interaction,15338665,Hybrid
Synapse,10982396,Hybrid
Syntax,14679612,Hybrid
System Dynamics Review,10991727,Hybrid
Systematic Entomology,13653113,Hybrid
Systems Engineering,15206858,Hybrid
Systems Research and Behavioral Science,10991743a,Hybrid
TAXON,19968175,Hybrid
Teaching Statistics,14679639,Hybrid
Teaching Theology & Religion,14679647,Hybrid
Tectonics,19449194,Hybrid
Terra Nova,13653121,Hybrid
TESOL Journal,19493533,Hybrid
TESOL Quarterly,15457249,Hybrid
The American Journal of Economics and Sociology,15367150,Hybrid
The American Journal on Addictions,15210391,Hybrid
The Anatomical Record,19328494,Hybrid
The Australian Economic Review,14678462,Hybrid
The Australian Journal of Agricultural and Resource Economics,14678489,Hybrid
The Australian Journal of Anthropology,17576547,Hybrid
The British Journal of Sociology,14684446,Hybrid
The Canadian Journal of Chemical Engineering,1939019X,Hybrid
The Canadian Journal of Statistics/La revue canadienne de statistique,1708945X,Hybrid
The Career Development Quarterly,21610045,Hybrid
The Chemical Record,15280691,Hybrid
The Clinical Teacher,1743498X,Hybrid
The Curriculum Journal,14693704,Hybrid
The Developing Economies,17461049,Hybrid
The Economic History Review,14680289,Hybrid
The Ecumenical Review,17586623,Hybrid
The Electronic Journal of Information Systems in Developing Countries,16814835,Hybrid
The FASEB Journal,15306860,Hybrid
The FEBS Journal,17424658,Hybrid
The Financial Review,15406288,Hybrid
The Geographical Journal,14754959,Hybrid
The German Quarterly,17561183,Hybrid
The Heythrop Journal,14682265,Hybrid
The Howard Journal of Crime and Justice,20591101,Hybrid
The International Journal of Health Planning and Management,10991751,Hybrid
The International Journal of Medical Robotics and Computer Assisted Surgery,1478596X,Hybrid
The Journal of American Culture,1542734X,Hybrid
The Journal of Clinical Pharmacology,15524604,Hybrid
The Journal of Comparative Neurology,10969861,Hybrid
The Journal of Creative Behavior,21626057,Hybrid
The Journal of Dermatology,13468138,Hybrid
The Journal of Finance,15406261,Hybrid
The Journal of Futures Markets,10969934,Hybrid
The Journal of Gene Medicine,15212254,Hybrid
The Journal of Humanistic Counseling,21611939,Hybrid
The Journal of Industrial Economics,14676451,Hybrid
The Journal of Latin American and Caribbean Anthropology,19354940,Hybrid
The Journal of Pathology,10969896,Hybrid
The Journal of Physiology,14697793,Hybrid
The Journal of Political Philosophy,14679760,Hybrid
The Journal of Popular Culture,15405931,Hybrid
The Journal of Rural Health,17480361,Hybrid
The Journal of Wildlife Management,19372817,Hybrid
The Journal of World Intellectual Property,17471796,Hybrid
The Laryngoscope,15314995,Hybrid
The Manchester School,14679957,Hybrid
The Milbank Quarterly,14680009,Hybrid
The Modern Language Journal,15404781,Hybrid
The Modern Law Review,14682230,Hybrid
The Muslim World,14781913,Hybrid
The Obstetrician & Gynaecologist,17444667,Hybrid
The Philosophical Forum,14679191,Hybrid
The Photogrammetric Record,14779730,Hybrid
The Plant Journal,1365313X,Hybrid
The Political Quarterly,1467923X,Hybrid
The Prostate,10970045,Hybrid
The RAND Journal of Economics,17562171,Hybrid
The Reading Teacher,19362714,Hybrid
The Russian Review,14679434,Hybrid
The Scandinavian Journal of Economics,14679442,Hybrid
The Southern Journal of Philosophy,20416962,Hybrid
The Structural Design of Tall and Special Buildings,15417808,Hybrid
The World Economy,14679701,Hybrid
Theoria,17552567,Hybrid
Therapeutic Apheresis and Dialysis,17449987,Hybrid
Thunderbird International Business Review,15206874,Hybrid
Tijdschrift voor Economische en Sociale Geografie,14679663,Hybrid
Topics in Cognitive Science,17568765,Hybrid
Traditional & Kampo Medicine,20534515,Hybrid
Traffic,16000854,Hybrid
Transactions in GIS,14679671,Hybrid
Transactions of the Institute of British Geographers,14755661,Hybrid
Transactions of the Philological Society,1467968X,Hybrid
Transactions on Emerging Telecommunications Technologies,21613915,Hybrid
Transfusion,15372995,Hybrid
Transfusion Medicine,13653148,Hybrid
Transplant Infectious Disease,13993062,Hybrid
Transportation Journal,2157328X,Hybrid
Tropical Medicine & International Health,13653156,Hybrid
Ultrasound in Obstetrics & Gynecology,14690705,Hybrid
Veterinary and Comparative Oncology,14765829,Hybrid
Veterinary Clinical Pathology,1939165X,Hybrid
Veterinary Dermatology,13653164,Hybrid
Veterinary Ophthalmology,14635224,Hybrid
Veterinary Radiology & Ultrasound,17408261,Hybrid
Veterinary Record,20427670,Hybrid
Veterinary Record Case Reports,20526121,Hybrid
Veterinary Surgery,1532950X,Hybrid
Vietnam Journal of Chemistry,25728288,Hybrid
Visual Anthropology Review,15487458,Hybrid
Vox Sanguinis,14230410,Hybrid
Water and Environment Journal,17476593,Hybrid
Water Environment Research,15547531,Hybrid
Weather,14778696,Hybrid
Weed Biology and Management,14456664,Hybrid
Weed Research,13653180,Hybrid
Wildlife Monographs,19385455,Hybrid
WIREs Climate Change,17577799,Hybrid
WIREs Cognitive Science,19395086,Hybrid
WIREs Computational Molecular Science,17590884,Hybrid
WIREs Computational Statistics,19390068,Hybrid
WIREs Data Mining and Knowledge Discovery,19424795,Hybrid
WIREs Energy and Environment,2041840X,Hybrid
WIREs Forensic Science,25739468,Hybrid
WIREs Mechanisms of Disease,26929368,Hybrid
WIREs Nanomedicine and Nanobiotechnology,19390041,Hybrid
WIREs RNA,17577012,Hybrid
WIREs Water,20491948,Hybrid
World Affairs,19401582,Hybrid
World Englishes,1467971X,Hybrid
World Food Policy,23728639,Hybrid
World Journal of Surgery,14322323,Hybrid
World Medical & Health Policy,19484682,Hybrid
World Water Policy,2639541X,Hybrid
Worldviews on Evidence-Based Nursing,17416787,Hybrid
Wound Repair and Regeneration,1524475X,Hybrid
Xenotransplantation,13993089,Hybrid
X-Ray Spectrometry,10974539,Hybrid
Yeast,10970061,Hybrid
ZAMM - Journal of Applied Mathematics and Mechanics,15214001,Hybrid
Zeitschrift für anorganische und allgemeine Chemie,15213749,Hybrid
Zoo Biology,10982361,Hybrid
Zoologica Scripta,14636409,Hybrid
Zoonoses and Public Health,18632378,Hybrid
Abstract and Applied Analysis,16870409,Fully OA
ACR Open Rheumatology,25785745,Fully OA
Acta Neurologica Scandinavica,16000404,Fully OA
Acta Obstetricia et Gynecologica Scandinavica,16000412,Fully OA
Active and Passive Electronic Components,15635031,Fully OA
Acute Medicine & Surgery,20528817,Fully OA
Addiction Biology,13691600,Fully OA
Advanced Chinese Medicine,28368886,Fully OA
Advanced Electronic Materials,2199160X,Fully OA
Advanced Energy and Sustainability Research,26999412,Fully OA
Advanced Genetics,26416573,Fully OA
Advanced Gut & Microbiome Research,27551652,Fully OA
Advanced Intelligent Systems,26404567,Fully OA
Advanced Materials Interfaces,21967350,Fully OA
Advanced NanoBioMed Research,26999307,Fully OA
Advanced Photonics Research,26999293,Fully OA
Advanced Physics Research,27511200,Fully OA
Advanced Robotics Research,29439973,Fully OA
Advanced Science,21983844,Fully OA
Advanced Sensor Research,27511219,Fully OA
Advances in Agriculture,23147539,Fully OA
Advances in Astronomy,16877977,Fully OA
Advances in Cell and Gene Therapy,25738461,Fully OA
Advances in Civil Engineering,16878094,Fully OA
Advances in Condensed Matter Physics,16878124,Fully OA
Advances in Fuzzy Systems,1687711X,Fully OA
Advances in Hematology,16879112,Fully OA
Advances in High Energy Physics,16877365,Fully OA
Advances in Human-Computer Interaction,16875907,Fully OA
Advances in Materials Science and Engineering,16878442,Fully OA
Advances in Mathematical Physics,16879139,Fully OA
Advances in Meteorology,16879317,Fully OA
Advances in Multimedia,16875699,Fully OA
Advances in Orthopedics,20903472,Fully OA
Advances in Pharmacological and Pharmaceutical Sciences,26334690,Fully OA
Advances in Polymer Technology,10982329,Fully OA
Advances in Public Health,23147784,Fully OA
Advances in Urology,16876377,Fully OA
Advances in Virology,16878647,Fully OA
Aggregate,26924560,Fully OA
Aging and Cancer,26438909,Fully OA
Aging Cell,14749726,Fully OA
Aging Medicine,24750360,Fully OA
Agricultural & Environmental Letters,24719625,Fully OA
"Agrosystems, Geosciences & Environment",26396696,Fully OA
AGU Advances,2576604X,Fully OA
AI Magazine,23719621,Fully OA
AIDS Research and Treatment,20901259,Fully OA
Alzheimer's & Dementia,15525279,Fully OA
"Alzheimer's & Dementia: Diagnosis, Assessment & Disease Monitoring",23528729,Fully OA
Alzheimer's & Dementia: Translational Research & Clinical Interventions,23528737,Fully OA
Analytical Cellular Pathology,22107185,Fully OA
Analytical Science Advances,26285452,Fully OA
Andrologia,14390272,Fully OA
Anemia,20901275,Fully OA
Anesthesiology Research and Practice,16876970,Fully OA
Animal Models and Experimental Medicine,25762095,Fully OA
Animal Research and One Health,28355075,Fully OA
Annals of Clinical and Translational Neurology,23289503,Fully OA
Annals of Gastroenterological Surgery,24750328,Fully OA
Annals of Noninvasive Electrocardiology,1542474X,Fully OA
Annals of the Child Neurology Society,28313267,Fully OA
Applications in Plant Sciences,21680450,Fully OA
Applied AI Letters,26895595,Fully OA
Applied and Environmental Soil Science,16877675,Fully OA
Applied Bionics and Biomechanics,17542103,Fully OA
Applied Computational Intelligence and Soft Computing,16879732,Fully OA
Aquaculture Nutrition,13652095,Fully OA
Aquaculture Research,13652109,Fully OA
"Aquaculture, Fish and Fisheries",26938847,Fully OA
Asia & The Pacific Policy Studies,20502680,Fully OA
Atmospheric Science Letters,1530261X,Fully OA
Australian Journal of Grape and Wine Research,17550238,Fully OA
Battery Energy,27681696,Fully OA
Behavioural Neurology,18758584,Fully OA
Biochemistry Research International,20902255,Fully OA
Bioengineering & Translational Medicine,23806761,Fully OA
Bioinorganic Chemistry and Applications,1687479X,Fully OA
Biological Diversity,29944139,Fully OA
BioMed Research International,23146141,Fully OA
Biosurface and Biotribology,24054518,Fully OA
BJUI Compass,26884526,Fully OA
BMEMat,27517446,Fully OA
Boreas,15023885,Fully OA
Brain and Behavior,21623279,Fully OA
Brain Pathology,17503639,Fully OA
Brain-X,28353153,Fully OA
CA: A Cancer Journal for Clinicians,15424863,Fully OA
CAAI Transactions on Intelligence Technology,24682322,Fully OA
Campbell Systematic Reviews,18911803,Fully OA
Canadian Journal of Gastroenterology and Hepatology,22912797,Fully OA
Canadian Journal of Infectious Diseases and Medical Microbiology,19181493,Fully OA
Canadian Respiratory Journal,19167245,Fully OA
Cancer Communications,25233548,Fully OA
Cancer Innovation,27709183,Fully OA
Cancer Medicine,20457634,Fully OA
Cancer Nexus,29980623,Fully OA
Cancer Reports,25738348,Fully OA
Cancer Science,13497006,Fully OA
Carbon Energy,26379368,Fully OA
Carbon Neutralization,27693325,Fully OA
Cardiology Research and Practice,20900597,Fully OA
Cardiovascular Therapeutics,17555922,Fully OA
Case Reports in Anesthesiology,20906390,Fully OA
Case Reports in Cardiology,20906412,Fully OA
Case Reports in Critical Care,20906439,Fully OA
Case Reports in Dentistry,20906455,Fully OA
Case Reports in Dermatological Medicine,20906471,Fully OA
Case Reports in Endocrinology,2090651X,Fully OA
Case Reports in Gastrointestinal Medicine,20906536,Fully OA
Case Reports in Genetics,20906552,Fully OA
Case Reports in Hematology,20906579,Fully OA
Case Reports in Hepatology,20906595,Fully OA
Case Reports in Immunology,20906617,Fully OA
Case Reports in Infectious Diseases,20906633,Fully OA
Case Reports in Medicine,16879635,Fully OA
Case Reports in Nephrology,2090665X,Fully OA
Case Reports in Neurological Medicine,20906676,Fully OA
Case Reports in Obstetrics and Gynecology,20906692,Fully OA
Case Reports in Oncological Medicine,20906714,Fully OA
Case Reports in Ophthalmological Medicine,20906730,Fully OA
Case Reports in Orthopedics,20906757,Fully OA
Case Reports in Otolaryngology,20906773,Fully OA
Case Reports in Pathology,2090679X,Fully OA
Case Reports in Pediatrics,20906811,Fully OA
Case Reports in Psychiatry,20906838,Fully OA
Case Reports in Pulmonology,20906854,Fully OA
Case Reports in Radiology,20906870,Fully OA
Case Reports in Rheumatology,20906897,Fully OA
Case Reports in Surgery,20906919,Fully OA
Case Reports in Transplantation,20906951,Fully OA
Case Reports in Urology,20906978,Fully OA
Case Reports in Vascular Medicine,20906994,Fully OA
Case Reports in Veterinary Medicine,2090701X,Fully OA
Cell Proliferation,13652184,Fully OA
Cellular Microbiology,14625822,Fully OA
ChemElectroChem,21960216,Fully OA
Chemistry - Methods,26289725,Fully OA
ChemistryEurope,27514765,Fully OA
ChemistryOpen,21911363,Fully OA
Chronic Diseases and Translational Medicine,25890514,Fully OA
CleanMat,28376722,Fully OA
Climate Resilience and Sustainability,26924587,Fully OA
Clinical & Translational Immunology,20500068,Fully OA
Clinical and Experimental Dental Research,20574347,Fully OA
Clinical and Public Health Guidelines,28363973,Fully OA
Clinical and Translational Allergy,20457022,Fully OA
Clinical and Translational Discovery,27680622,Fully OA
Clinical and Translational Medicine,20011326,Fully OA
Clinical and Translational Science,17528062,Fully OA
Clinical Cardiology,19328737,Fully OA
Clinical Case Reports,20500904,Fully OA
Clinical Neuroimaging,28373219,Fully OA
cMat,30062691,Fully OA
CNS Neuroscience & Therapeutics,17555949,Fully OA
Cochrane Evidence Synthesis and Methods,28329023,Fully OA
Cognitive Computation and Systems,25177567,Fully OA
Community Science,26929430,Fully OA
Complexity,10990526,Fully OA
Computational and Mathematical Methods,25777408,Fully OA
Computational and Systems Oncology,26899655,Fully OA
"Concepts in Magnetic Resonance Part A, Bridging Education and Research",15525023,Fully OA
Conservation Letters,1755263X,Fully OA
Conservation Science and Practice,25784854,Fully OA
Contemporary European Politics,28330188,Fully OA
CPT: Pharmacometrics & Systems Pharmacology,21638306,Fully OA
Critical Care Research and Practice,20901313,Fully OA
Deep Underground Science and Engineering,27701328,Fully OA
DEN Open,26924609,Fully OA
Depression and Anxiety,15206394,Fully OA
Dermatologic Therapy,15298019,Fully OA
Dermatology Research and Practice,16876113,Fully OA
Digital Twins and Applications,29952182,Fully OA
Discrete Dynamics in Nature and Society,1607887X,Fully OA
Diversity & Inclusion Research,2835236X,Fully OA
Diversity and Distributions,14724642,Fully OA
Droplet,27314375,Fully OA
Earth and Space Science,23335084,Fully OA
Earth Stewardship,28353617,Fully OA
Earth's Future,23284277,Fully OA
EcoEnergy,28359399,Fully OA
Ecography,16000587,Fully OA
Ecological Solutions and Evidence,26888319,Fully OA
Ecology and Evolution,20457758,Fully OA
EcoMat,25673173,Fully OA
Ecosphere,21508925,Fully OA
eFood,26663066,Fully OA
EFSA Journal,18314732,Fully OA
eJhaem,26886146,Fully OA
Electrochemical Science Advances,26985977,Fully OA
Electron,27512614,Fully OA
Electronics Letters,1350911X,Fully OA
Emergency Medicine International,20902859,Fully OA
"Endocrinology, Diabetes & Metabolism",23989238,Fully OA
Energy & Environmental Materials,25750356,Fully OA
Energy Conversion and Economics,26341581,Fully OA
Energy Science & Engineering,20500505,Fully OA
Engineering Biology,23986182,Fully OA
Engineering in Life Sciences,16182863,Fully OA
Engineering Reports,25778196,Fully OA
Environmental DNA,26374943,Fully OA
Environmental Microbiology Reports,17582229,Fully OA
Epilepsia Open,24709239,Fully OA
ESC Heart Failure,20555822,Fully OA
European Journal of Cancer Care,13652354,Fully OA
European Journal of Neurology,14681331,Fully OA
European Journal of Sport Science,15367290,Fully OA
Evolutionary Applications,17524571,Fully OA
Experimental Physiology,1469445X,Fully OA
Exploration,27662098,Fully OA
Eye & ENT Research,28351088,Fully OA
FASEB BioAdvances,25739832,Fully OA
FEBS Open Bio,22115463,Fully OA
Financial Planning Review,25738615,Fully OA
FlexMat,28369106,Fully OA
FlexTech,27711714,Fully OA
Food and Energy Security,20483694,Fully OA
Food Bioengineering,27702081,Fully OA
Food Chemistry International,30659027,Fully OA
Food Frontiers,26438429,Fully OA
Food Safety and Health,28351096,Fully OA
Food Science & Nutrition,20487177,Fully OA
Functional Ecology,13652435,Fully OA
Future Humanities,27702030,Fully OA
Future in Educational Research,28359402,Fully OA
Future Postharvest and Food,28376846,Fully OA
Gastroenterology Research and Practice,1687630X,Fully OA
GastroHep,14781239,Fully OA
GCB Bioenergy,17571707,Fully OA
"Genes, Brain and Behavior",1601183X,Fully OA
Genetics Research,14695073,Fully OA
Geo: Geography and Environment,20544049,Fully OA
"Geochemistry, Geophysics, Geosystems",15252027,Fully OA
Geofluids,14688123,Fully OA
GeoHealth,24711403,Fully OA
Geophysical Research Letters,19448007,Fully OA
Geoscience Data Journal,20496060,Fully OA
Global Challenges,20566646,Fully OA
Grassland Research,27701743,Fully OA
Health & Social Care in the Community,13652524,Fully OA
Health Care Science,27711757,Fully OA
Health Expectations,13697625,Fully OA
Health Science Reports,23988835,Fully OA
Healthcare Technology Letters,20533713,Fully OA
HemaSphere,25729241,Fully OA
Heteroatom Chemistry,10981071,Fully OA
High Voltage,23977264,Fully OA
Hong Kong Journal of Emergency Medicine,23095407,Fully OA
Human Behavior and Emerging Technologies,25781863,Fully OA
Human Brain Mapping,10970193,Fully OA
Human Mutation,10981004,Fully OA
Ibrain,27692795,Fully OA
IET Biometrics,20474946,Fully OA
IET Blockchain,26341573,Fully OA
"IET Circuits, Devices & Systems",17518598,Fully OA
IET Collaborative Intelligent Manufacturing,25168398,Fully OA
IET Communications,17518636,Fully OA
IET Computer Vision,17519640,Fully OA
IET Computers & Digital Techniques,1751861X,Fully OA
IET Control Theory & Applications,17518652,Fully OA
IET Cyber-Physical Systems: Theory & Applications,23983396,Fully OA
IET Cyber-Systems and Robotics,26316315,Fully OA
IET Electric Power Applications,17518679,Fully OA
IET Electrical Materials and Applications,29960851,Fully OA
IET Electrical Systems in Transportation,20429746,Fully OA
IET Energy Systems Integration,25168401,Fully OA
"IET Generation, Transmission & Distribution",17518695,Fully OA
IET Image Processing,17519667,Fully OA
IET Information Security,17518717,Fully OA
IET Intelligent Transport Systems,17519578,Fully OA
"IET Microwaves, Antennas & Propagation",17518733,Fully OA
IET Nanobiotechnology,1751875X,Fully OA
IET Nanodielectrics,25143255,Fully OA
IET Networks,20474962,Fully OA
IET Optoelectronics,17518776,Fully OA
IET Power Electronics,17554543,Fully OA
IET Quantum Communication,26328925,Fully OA
"IET Radar, Sonar & Navigation",17518792,Fully OA
IET Renewable Power Generation,17521424,Fully OA
"IET Science, Measurement & Technology",17518830,Fully OA
IET Signal Processing,17519683,Fully OA
IET Smart Cities,26317680,Fully OA
IET Smart Grid,25152947,Fully OA
IET Software,17518814,Fully OA
IET Systems Biology,17518857,Fully OA
IET Wireless Sensor Systems,20436394,Fully OA
IJU Case Reports,2577171X,Fully OA
iLABMED,28344448,Fully OA
iMeta,2770596X,Fully OA
iMetaOmics,29969514,Fully OA
"Immunity, Inflammation and Disease",20504527,Fully OA
ImmunoMedicine,25105345,Fully OA
Indoor Air,16000668,Fully OA
Influenza and Other Respiratory Viruses,17502659,Fully OA
InfoMat,25673165,Fully OA
Information & Functional Materials,27519457,Fully OA
InfoScience,27695883,Fully OA
Integrative Conservation,27709329,Fully OA
Interdisciplinary Materials,2767441X,Fully OA
Interdisciplinary Medicine,28326245,Fully OA
Interdisciplinary Perspectives on Infectious Diseases,16877098,Fully OA
International Journal of Aerospace Engineering,16875974,Fully OA
International Journal of Agronomy,16878167,Fully OA
International Journal of Analytical Chemistry,16878779,Fully OA
International Journal of Antennas and Propagation,16875877,Fully OA
International Journal of Biomaterials,16878795,Fully OA
International Journal of Biomedical Imaging,16874196,Fully OA
International Journal of Breast Cancer,20903189,Fully OA
International Journal of Cell Biology,16878884,Fully OA
International Journal of Ceramic Engineering & Science,25783270,Fully OA
International Journal of Chemical Engineering,16878078,Fully OA
International Journal of Clinical Practice,17421241,Fully OA
International Journal of Computer Games Technology,16877055,Fully OA
International Journal of Dentistry,16878736,Fully OA
International Journal of Differential Equations,16879651,Fully OA
International Journal of Distributed Sensor Networks,15501477,Fully OA
International Journal of Digital Multimedia Broadcasting,16877586,Fully OA
International Journal of Electrochemistry,20903537,Fully OA
International Journal of Endocrinology,16878345,Fully OA
International Journal of Energy Research,1099114X,Fully OA
International Journal of Food Science,23145765,Fully OA
International Journal of Forestry Research,16879376,Fully OA
International Journal of Genomics,23144378,Fully OA
International Journal of Geophysics,16878868,Fully OA
International Journal of Hepatology,20903456,Fully OA
International Journal of Hypertension,20900392,Fully OA
International Journal of Inflammation,20420099,Fully OA
International Journal of Intelligent Systems,1098111X,Fully OA
International Journal of Mathematics and Mathematical Sciences,16870425,Fully OA
International Journal of Mechanical System Dynamics,27671402,Fully OA
International Journal of Methods in Psychiatric Research,15570657,Fully OA
International Journal of Microbiology,16879198,Fully OA
International Journal of Nephrology,20902158,Fully OA
International Journal of Optics,16879392,Fully OA
International Journal of Pediatrics,16879759,Fully OA
International Journal of Photoenergy,1687529X,Fully OA
International Journal of Polymer Science,16879430,Fully OA
International Journal of Reconfigurable Computing,16877209,Fully OA
International Journal of RF and Microwave Computer-Aided Engineering,1099047X,Fully OA
International Journal of Rotating Machinery,15423034,Fully OA
International Journal of Telemedicine and Applications,16876423,Fully OA
International Journal of Vascular Medicine,20902832,Fully OA
International Journal of Zoology,16878485,Fully OA
International Studies of Economics,28313224,Fully OA
International Transactions on Electrical Energy Systems,20507038,Fully OA
International Wound Journal,1742481X,Fully OA
iRadiology,28342879,Fully OA
Japan Architectural Review,24758876,Fully OA
JCPP Advances,26929384,Fully OA
JCSM Communications,29961394,Fully OA
JEADV Clinical Practice,27686566,Fully OA
JGH Open,23979070,Fully OA
JIMD Reports,21928312,Fully OA
JOR Spine,25721143,Fully OA
Journal of Advanced Transportation,20423195,Fully OA
Journal of Advances in Modeling Earth Systems,19422466,Fully OA
Journal of Aging Research,20902212,Fully OA
Journal of Analytical Methods in Chemistry,20908873,Fully OA
Journal of Applied Clinical Medical Physics,15269914,Fully OA
Journal of Applied Ichthyology,14390426,Fully OA
Journal of Applied Mathematics,16870042,Fully OA
Journal of Arrhythmia,18832148,Fully OA
Journal of Avian Biology,1600048X,Fully OA
"Journal of Cachexia, Sarcopenia and Muscle",21906009,Fully OA
Journal of Cardiac Surgery,15408191,Fully OA
Journal of Cell Communication and Signaling,1873961X,Fully OA
Journal of Cellular and Molecular Medicine,15824934,Fully OA
Journal of Chemistry,20909071,Fully OA
Journal of Clinical Laboratory Analysis,10982825,Fully OA
Journal of Clinical Pharmacy and Therapeutics,13652710,Fully OA
Journal of Combustion,20901976,Fully OA
Journal of Computer Networks and Communications,2090715X,Fully OA
Journal of Control Science and Engineering,16875257,Fully OA
Journal of Cosmetic Dermatology,14732165,Fully OA
Journal of Diabetes,17530407,Fully OA
Journal of Diabetes Investigation,20401124,Fully OA
Journal of Diabetes Research,23146753,Fully OA
Journal of Electrical and Computer Engineering,20900155,Fully OA
Journal of Engineering,23144912,Fully OA
Journal of Experimental Orthopaedics,21971153,Fully OA
Journal of Extracellular Biology,27682811,Fully OA
Journal of Extracellular Vesicles,20013078,Fully OA
Journal of Flood Risk Management,1753318x,Fully OA
Journal of Food Biochemistry,17454514,Fully OA
Journal of Food Processing and Preservation,17454549,Fully OA
Journal of Food Quality,17454557,Fully OA
Journal of Foot and Ankle Research,17571146,Fully OA
Journal of Function Spaces,23148888,Fully OA
Journal of General and Family Medicine,21897948,Fully OA
Journal of GeoEnergy,29765501,Fully OA
Journal of Geophysical Research: Machine Learning and Computation,29935210,Fully OA
Journal of Immunology Research,23147156,Fully OA
Journal of Interventional Cardiology,15408183,Fully OA
Journal of Mathematics,23144785,Fully OA
Journal of Medical Radiation Sciences,20513909,Fully OA
Journal of Nanotechnology,16879511,Fully OA
Journal of Nucleic Acids,2090021X,Fully OA
Journal of Nursing Management,13652834,Fully OA
Journal of Nutrition and Metabolism,20900732,Fully OA
Journal of Obesity,20900716,Fully OA
Journal of Ophthalmology,20900058,Fully OA
Journal of Osteoporosis,20420064,Fully OA
Journal of Parasitology Research,20900031,Fully OA
Journal of Pregnancy,20902735,Fully OA
Journal of Probability and Statistics,16879538,Fully OA
Journal of Robotics,16879619,Fully OA
Journal of Sensors,16877268,Fully OA
Journal of Skin Cancer,20902913,Fully OA
Journal of Spectroscopy,23144939,Fully OA
Journal of Sustainable Agriculture and Environment,2767035X,Fully OA
Journal of Synchrotron Radiation,16005775,Fully OA
Journal of the Agricultural and Applied Economics Association,27692485,Fully OA
Journal of the American Heart Association,20479980,Fully OA
Journal of the International AIDS Society,17582652,Fully OA
Journal of the World Aquaculture Society,17497345,Fully OA
Journal of Theoretical Social Psychology,24750387,Fully OA
Journal of Tissue Engineering and Regenerative Medicine,19327005,Fully OA
Journal of Toxicology,16878205,Fully OA
Journal of Transplantation,20900015,Fully OA
Journal of Tropical Medicine,16879694,Fully OA
Journal of Veterinary Internal Medicine,19391676,Fully OA
Journal of Zoological Systematics and Evolutionary Research,14390469,Fully OA
JPGN Reports,2691171X,Fully OA
JSFA Reports,25735098,Fully OA
Laryngoscope Investigative Otolaryngology,23788038,Fully OA
Learned Publishing,23796146,Fully OA
Learning Health Systems,17414857,Fully OA
Legume Science,26396181,Fully OA
Lifestyle Medicine,26883740,Fully OA
Limnology and Oceanography Letters,23782242,Fully OA
Liver International Communications,26423561,Fully OA
Macromolecular Materials and Engineering,14392054,Fully OA
Malignancy Spectrum,27709140,Fully OA
Material Design & Processing Communications,25776576,Fully OA
Materials Genome Engineering Advances,29409497,Fully OA
Maternal & Child Nutrition,17408709,Fully OA
MedComm,26882663,Fully OA
MedComm - Biomaterials and Applications,2769643X,Fully OA
MedComm - Future Medicine,27696456,Fully OA
MedComm - Oncology,27696448,Fully OA
Mediators of Inflammation,14661861,Fully OA
Medicine Advances,28344405,Fully OA
Mental Health Science,26423588,Fully OA
Mental Illness,20367465,Fully OA
MetalMat,29401402,Fully OA
Meteorological Applications,14698080,Fully OA
Methods in Ecology and Evolution,2041210X,Fully OA
Micro & Nano Letters,17500443,Fully OA
Microbial Biotechnology,17517915,Fully OA
MicrobiologyOpen,20458827,Fully OA
mLife,2770100X,Fully OA
Modelling and Simulation in Engineering,16875605,Fully OA
Modern Agriculture,27514102,Fully OA
Molecular Genetics & Genomic Medicine,23249269,Fully OA
Molecular Oncology,18780261,Fully OA
Molecular Plant Pathology,13643703,Fully OA
Nano Select,26884011,Fully OA
Nanomaterials and Nanotechnology,18479804,Fully OA
Natural Resource Modeling,19397445,Fully OA
Natural Sciences,26986248,Fully OA
Neural Plasticity,16875443,Fully OA
Neurology Research International,20901860,Fully OA
Neuroprotection,2770730X,Fully OA
Neuropsychopharmacology Reports,2574173X,Fully OA
New Directions for Child and Adolescent Development,15348687,Fully OA
Nursing Forum,17446198,Fully OA
Nursing Open,20541058,Fully OA
Nursing Plus,2771179X,Fully OA
Nursing Research and Practice,20901437,Fully OA
Obesity Science & Practice,20552238,Fully OA
Obstetrics and Gynecology International,16879597,Fully OA
Occupational Therapy International,15570703,Fully OA
Orthopaedic Surgery,17577861,Fully OA
OTO Open,2473974X,Fully OA
Oxidative Medicine and Cellular Longevity,19420994,Fully OA
Paediatric and Neonatal Pain,26373807,Fully OA
Pain Research and Management,19181523,Fully OA
Parkinson's Disease,20420080,Fully OA
Pediatric Diabetes,13995448,Fully OA
Pediatric Discovery,28355598,Fully OA
Pediatric Investigation,25742272,Fully OA
People and Nature,25758314,Fully OA
Perspectives of Earth and Space Scientists,26376989,Fully OA
Perspectives in Psychiatric Care,17446163,Fully OA
Pharmacology Research & Perspectives,20521707,Fully OA
PhotoMat,27713164,Fully OA
Physiological Reports,2051817X,Fully OA
Plant Biotechnology Journal,14677652,Fully OA
Plant Direct,24754455,Fully OA
Plant-Environment Interactions,25756265,Fully OA
"Plants, People, Planet",25722611,Fully OA
Portal Hypertension & Cirrhosis,27705846,Fully OA
PPAR Research,16874765,Fully OA
Precision Medical Sciences,26422514,Fully OA
Precision Radiation Oncology,23987324,Fully OA
Pregnancy: Official Journal of the Society for Maternal-Fetal Medicine,29979684,Fully OA
Progress in Neurology and Psychiatry,1931227x,Fully OA
Prostate Cancer,2090312X,Fully OA
Proteoglycan Research,28323556,Fully OA
PsyCh Journal,20460260,Fully OA
Psyche: A Journal of Entomology,16877438,Fully OA
Psychiatric Research and Clinical Practice,25755609,Fully OA
Psychiatry and Clinical Neurosciences Reports,27692558,Fully OA
Public Health Challenges,27692450,Fully OA
Pulmonary Circulation,20458940,Fully OA
Pulmonary Medicine,20901844,Fully OA
Quantitative Biology,20954697,Fully OA
Quantitative Economics,17597331,Fully OA
Quantum Engineering,25770470,Fully OA
Radiology Research and Practice,2090195X,Fully OA
Remote Sensing in Ecology and Conservation,20563485,Fully OA
Reproductive Medicine and Biology,14470578,Fully OA
"Reproductive, Female and Child Health",27687228,Fully OA
Respirology Case Reports,20513380,Fully OA
Responsive Materials,28348966,Fully OA
Rheumatology & Autoimmunity,27671429,Fully OA
River,27504867,Fully OA
Science and Technology of Nuclear Installations,16876083,Fully OA
Scientifica,2090908X,Fully OA
Security and Communication Networks,19390122,Fully OA
Shock and Vibration,18759203,Fully OA
Skin Research and Technology,16000846,Fully OA
Small Science,26884046,Fully OA
Small Structures,26884062,Fully OA
Smart Medicine,2688819X,Fully OA
Smart Molecules,27514595,Fully OA
SmartMat,27511871,Fully OA
Space Weather,15427390,Fully OA
SPE Polymers,26903857,Fully OA
Stem Cells International,16879678,Fully OA
Stroke Research and Treatment,20420056,Fully OA
STROKE: Vascular and Interventional Neurology,26945746,Fully OA
Structural Control and Health Monitoring,15452263,Fully OA
SusMat,26924552,Fully OA
Sustainable Food Proteins,27719693,Fully OA
The Breast Journal,15244741,Fully OA
The Bulletin of the Ecological Society of America,23276096,Fully OA
The Clinical Respiratory Journal,1752699X,Fully OA
The Depositional Record,20554877,Fully OA
The Journal of Clinical Hypertension,17517176,Fully OA
The Journal of Engineering,20513305,Fully OA
The Journal of Pathology: Clinical Research,20564538,Fully OA
The Kaohsiung Journal of Medical Sciences,24108650,Fully OA
The Plant Genome,19403372,Fully OA
The Plant Phenome Journal,25782703,Fully OA
The Scientific World Journal,1537744X,Fully OA
Theoretical Economics,15557561,Fully OA
Thoracic Cancer,17597714,Fully OA
Transactions of the London Mathematical Society,20524986,Fully OA
Transboundary and Emerging Diseases,18651682,Fully OA
Translational Biophotonics,26271850,Fully OA
Translational Sports Medicine,25738488,Fully OA
Trends in Urology & Men's Health,20443749,Fully OA
United European Gastroenterology Journal,20506414,Fully OA
Urban Agriculture & Regional Food Systems,25751220,Fully OA
UroPrecision,28351053,Fully OA
Vadose Zone Journal,15391663,Fully OA
Veterinary Medicine and Science,20531095,Fully OA
Veterinary Medicine International,20420048,Fully OA
Veterinary Record Open,20526113,Fully OA
View,2688268X,Fully OA
Water Resources Research,19447973,Fully OA
Wildlife Biology,1903220X,Fully OA
Wildlife Letters,28325869,Fully OA
Wildlife Society Bulletin,23285540,Fully OA
Wind Energy,10991824,Fully OA
World Journal of Otorhinolaryngology - Head and Neck Surgery,25891081,Fully OA
